{
  "swagger" : "2.0",
  "info" : {
    "version" : "1.0",
    "title" : "Get All Restaurants",
    "description" : "Get All Restaurants"
  },
  "host" : "localhost:8080",
  "basePath" : "/",
  "schemes" : [ "http" ],
  "paths" : {
    "/restaurants1/{username}" : {
      "get" : {
        "summary" : "",
        "description" : "",
        "operationId" : "get-restaurants1",
        "consumes" : [ "application/json" ],
        "produces" : [ "application/json" ],
        "parameters" : [ {
          "name" : "username",
          "in" : "path",
          "description" : "",
          "type" : "string",
          "required" : true
        } ],
        "responses" : {
          "200" : {
            "description" : "a Restaurant to be returned",
            "schema" : {
              "$ref" : "#/definitions/Restaurant"
            }
          }
        }
      }
    },
    "/restaurants1" : {
      "post" : {
        "summary" : "",
        "description" : "",
        "operationId" : "post-restaurants1",
        "consumes" : [ "application/json" ],
        "produces" : [ "application/json" ],
        "parameters" : [ {
          "name" : "body",
          "in" : "body",
          "description" : "",
          "schema" : {
            "$ref" : "#/definitions/Food"
          },
          "required" : true
        } ],
        "responses" : {
          "200" : {
            "description" : "OK"
          }
        }
      }
    },
    "/restaurants2" : {
      "post" : {
        "summary" : "",
        "description" : "",
        "operationId" : "post-restaurants2",
        "consumes" : [ "application/json" ],
        "produces" : [ "application/json" ],
        "parameters" : [ {
          "name" : "body",
          "in" : "body",
          "description" : "",
          "schema" : {
            "$ref" : "#/definitions/Add_Food"
          },
          "required" : true
        } ],
        "responses" : {
          "200" : {
            "description" : "OK"
          }
        }
      }
    },
    "/restaurants" : {
      "get" : {
        "summary" : "",
        "description" : "",
        "operationId" : "get-restaurants",
        "consumes" : [ "application/json" ],
        "produces" : [ "application/json" ],
        "parameters" : [ ],
        "responses" : {
          "200" : {
            "description" : "a Restaurants to be returned",
            "schema" : {
              "$ref" : "#/definitions/Restaurants"
            }
          }
        }
      }
    },
    "/restaurants3/{food_id}" : {
      "delete" : {
        "summary" : "",
        "description" : "",
        "operationId" : "delete-restaurants3",
        "consumes" : [ "application/json" ],
        "produces" : [ "application/json" ],
        "parameters" : [ {
          "name" : "food_id",
          "in" : "path",
          "description" : "",
          "type" : "string",
          "required" : true
        } ],
        "responses" : {
          "200" : {
            "description" : "OK"
          }
        }
      }
    },
    "/restaurants/{restaurant_id}" : {
      "get" : {
        "summary" : "",
        "description" : "",
        "operationId" : "get-restaurants",
        "consumes" : [ "application/json" ],
        "produces" : [ "application/json" ],
        "parameters" : [ {
          "name" : "restaurant_id",
          "in" : "path",
          "description" : "",
          "type" : "string",
          "required" : true
        } ],
        "responses" : {
          "200" : {
            "description" : "a Foods to be returned",
            "schema" : {
              "$ref" : "#/definitions/Foods"
            }
          }
        }
      }
    }
  },
  "definitions" : {
    "Add_Food" : {
      "type" : "object",
      "required" : [ "price", "restaurant_id", "name" ],
      "properties" : {
        "name" : {
          "type" : "string"
        },
        "price" : {
          "type" : "number"
        },
        "restaurant_id" : {
          "type" : "integer"
        }
      }
    },
    "Restaurant" : {
      "type" : "object",
      "required" : [ "address", "restaurant_id", "name", "postal_code", "username" ],
      "properties" : {
        "restaurant_id" : {
          "type" : "integer"
        },
        "name" : {
          "type" : "string"
        },
        "address" : {
          "type" : "string"
        },
        "postal_code" : {
          "type" : "string"
        },
        "description" : {
          "type" : "string"
        },
        "longitude" : {
          "type" : "string"
        },
        "latitude" : {
          "type" : "string"
        },
        "username" : {
          "type" : "string"
        }
      }
    },
    "Foods" : {
      "type" : "object",
      "properties" : {
        "Food" : {
          "type" : "array",
          "items" : {
            "$ref" : "#/definitions/Food",
            "uniqueItems" : false
          }
        }
      }
    },
    "Restaurants" : {
      "type" : "object",
      "properties" : {
        "Restaurant" : {
          "type" : "array",
          "items" : {
            "$ref" : "#/definitions/Restaurant",
            "uniqueItems" : false
          }
        }
      }
    },
    "Food" : {
      "type" : "object",
      "required" : [ "price", "restaurant_id", "name", "food_id" ],
      "properties" : {
        "food_id" : {
          "type" : "integer"
        },
        "name" : {
          "type" : "string"
        },
        "price" : {
          "type" : "number"
        },
        "restaurant_id" : {
          "type" : "integer"
        }
      }
    }
  }
}