{
  "swagger" : "2.0",
  "info" : {
    "version" : "1.0",
    "title" : "Get All Restaurants",
    "description" : "Get All Restaurants"
  },
  "host" : "localhost:8080",
  "basePath" : "/",
  "schemes" : [ "http" ],
  "paths" : {
    "/restaurants" : {
      "get" : {
        "summary" : "",
        "description" : "",
        "operationId" : "get-restaurants",
        "consumes" : [ "application/json" ],
        "produces" : [ "application/json" ],
        "parameters" : [ ],
        "responses" : {
          "200" : {
            "description" : "a Restaurants to be returned",
            "schema" : {
              "$ref" : "#/definitions/Restaurants"
            }
          }
        }
      }
    },
    "/restaurants/{restaurant_id}" : {
      "get" : {
        "summary" : "",
        "description" : "",
        "operationId" : "get-restaurants",
        "consumes" : [ "application/json" ],
        "produces" : [ "application/json" ],
        "parameters" : [ {
          "name" : "restaurant_id",
          "in" : "path",
          "description" : "",
          "type" : "string",
          "required" : true
        } ],
        "responses" : {
          "200" : {
            "description" : "a Foods to be returned",
            "schema" : {
              "$ref" : "#/definitions/Foods"
            }
          }
        }
      }
    }
  },
  "definitions" : {
    "Restaurant" : {
      "type" : "object",
      "required" : [ "address", "restaurant_id", "name", "postal_code" ],
      "properties" : {
        "restaurant_id" : {
          "type" : "integer"
        },
        "name" : {
          "type" : "string"
        },
        "address" : {
          "type" : "string"
        },
        "postal_code" : {
          "type" : "string"
        },
        "description" : {
          "type" : "string"
        }
      }
    },
    "Foods" : {
      "type" : "object",
      "properties" : {
        "Food" : {
          "type" : "array",
          "items" : {
            "$ref" : "#/definitions/Food",
            "uniqueItems" : false
          }
        }
      }
    },
    "Restaurants" : {
      "type" : "object",
      "properties" : {
        "Restaurant" : {
          "type" : "array",
          "items" : {
            "$ref" : "#/definitions/Restaurant",
            "uniqueItems" : false
          }
        }
      }
    },
    "Food" : {
      "type" : "object",
      "required" : [ "price", "name", "food_id" ],
      "properties" : {
        "food_id" : {
          "type" : "integer"
        },
        "name" : {
          "type" : "string"
        },
        "price" : {
          "type" : "number"
        }
      }
    }
  }
}