{
  "swagger" : "2.0",
  "info" : {
    "version" : "1.0",
    "title" : "Edit food based on food_id and restaurant_id",
    "description" : "Edit food based on food_id and restaurant_id"
  },
  "host" : "",
  "basePath" : "/",
  "schemes" : [ "http" ],
  "paths" : {
    "/process" : {
      "post" : {
        "summary" : "",
        "description" : "Create a new item",
        "operationId" : "createItem",
        "consumes" : [ "application/json" ],
        "produces" : [ "application/json" ],
        "parameters" : [ {
          "name" : "body",
          "in" : "body",
          "description" : "",
          "schema" : {
            "$ref" : "#/definitions/Food"
          },
          "required" : true
        } ],
        "responses" : {
          "200" : {
            "description" : "OK",
            "headers" : { }
          }
        }
      }
    }
  },
  "definitions" : {
    "Food" : {
      "type" : "object",
      "required" : [ "price", "restaurant_id", "name", "food_id" ],
      "properties" : {
        "food_id" : {
          "type" : "integer"
        },
        "name" : {
          "type" : "string"
        },
        "price" : {
          "type" : "number"
        },
        "restaurant_id" : {
          "type" : "integer"
        }
      }
    }
  }
}