{
  "swagger" : "2.0",
  "info" : {
    "version" : "1.0",
    "title" : "Summary about Orders",
    "description" : "Summary about Orders"
  },
  "host" : "localhost:8082",
  "basePath" : "/",
  "schemes" : [ "http" ],
  "paths" : {
    "/orders" : {
      "get" : {
        "summary" : "",
        "description" : "",
        "operationId" : "get-orders",
        "consumes" : [ "application/json" ],
        "produces" : [ "application/json" ],
        "parameters" : [ ],
        "responses" : {
          "200" : {
            "description" : "a orders_summary to be returned",
            "schema" : {
              "$ref" : "#/definitions/orders_summary"
            }
          }
        }
      }
    },
    "/orders1" : {
      "post" : {
        "summary" : "",
        "description" : "",
        "operationId" : "post-orders1",
        "consumes" : [ "application/json" ],
        "produces" : [ "application/json" ],
        "parameters" : [ {
          "name" : "body",
          "in" : "body",
          "description" : "",
          "schema" : {
            "$ref" : "#/definitions/Add_Order"
          },
          "required" : true
        } ],
        "responses" : {
          "201" : {
            "description" : "Created",
            "schema" : {
              "type" : "string"
            }
          },
          "200" : {
            "description" : "OK"
          }
        }
      }
    }
  },
  "definitions" : {
    "orders_summary" : {
      "type" : "object",
      "required" : [ "driver_id", "quantity", "restaurant_id", "customer_id", "food_id", "order_id" ],
      "properties" : {
        "order_id" : {
          "type" : "integer"
        },
        "customer_id" : {
          "type" : "string"
        },
        "food_id" : {
          "type" : "integer"
        },
        "restaurant_id" : {
          "type" : "integer"
        },
        "driver_id" : {
          "type" : "integer"
        },
        "quantity" : {
          "type" : "integer"
        }
      }
    },
    "Add_Order" : {
      "type" : "object",
      "required" : [ "driver_id", "quantity", "restaurant_id", "customer_id", "food_id" ],
      "properties" : {
        "customer_id" : {
          "type" : "string"
        },
        "food_id" : {
          "type" : "integer"
        },
        "restaurant_id" : {
          "type" : "integer"
        },
        "driver_id" : {
          "type" : "integer"
        },
        "quantity" : {
          "type" : "integer"
        }
      }
    }
  }
}