{
  "swagger" : "2.0",
  "info" : {
    "version" : "1.0",
    "title" : "menu",
    "description" : "menu"
  },
  "host" : "localhost:8080",
  "basePath" : "/",
  "schemes" : [ "http" ],
  "paths" : {
    "/restaurant_menu" : {
      "get" : {
        "summary" : "",
        "description" : "",
        "operationId" : "get-restaurant_menu",
        "consumes" : [ "application/json" ],
        "produces" : [ "application/json" ],
        "parameters" : [ ],
        "responses" : {
          "200" : {
            "description" : "a restaurant_menu to be returned",
            "schema" : {
              "$ref" : "#/definitions/restaurant_menu"
            }
          }
        }
      }
    }
  },
  "definitions" : {
    "restaurant_menu" : {
      "type" : "object",
      "required" : [ "price", "name", "food_id" ],
      "properties" : {
        "food_id" : {
          "type" : "integer"
        },
        "name" : {
          "type" : "string"
        },
        "price" : {
          "type" : "integer"
        }
      }
    }
  }
}