{
  "swagger" : "2.0",
  "info" : {
    "version" : "1.0",
    "title" : "Get all users",
    "description" : "Get all users"
  },
  "host" : "localhost:8082",
  "basePath" : "/",
  "schemes" : [ "http" ],
  "paths" : {
    "/users" : {
      "get" : {
        "summary" : "",
        "description" : "",
        "operationId" : "get-users",
        "consumes" : [ "application/json" ],
        "produces" : [ "application/json" ],
        "parameters" : [ ],
        "responses" : {
          "200" : {
            "description" : "a Users to be returned",
            "schema" : {
              "$ref" : "#/definitions/Users"
            }
          }
        }
      }
    },
    "/users1/{username}" : {
      "get" : {
        "summary" : "",
        "description" : "",
        "operationId" : "get-users1",
        "consumes" : [ "application/json" ],
        "produces" : [ "application/json" ],
        "parameters" : [ {
          "name" : "username",
          "in" : "path",
          "description" : "",
          "type" : "string",
          "required" : true
        } ],
        "responses" : {
          "200" : {
            "description" : "a User to be returned",
            "schema" : {
              "$ref" : "#/definitions/User"
            }
          }
        }
      }
    },
    "/users2" : {
      "post" : {
        "summary" : "",
        "description" : "",
        "operationId" : "post-users2",
        "consumes" : [ "application/json" ],
        "produces" : [ "application/json" ],
        "parameters" : [ {
          "name" : "body",
          "in" : "body",
          "description" : "",
          "schema" : {
            "$ref" : "#/definitions/Update_User"
          },
          "required" : true
        } ],
        "responses" : {
          "202" : {
            "description" : "Updated",
            "schema" : {
              "type" : "string"
            }
          },
          "200" : {
            "description" : "OK"
          }
        }
      }
    }
  },
  "definitions" : {
    "User" : {
      "type" : "object",
      "required" : [ "password", "gender", "usertype", "username" ],
      "properties" : {
        "username" : {
          "type" : "string"
        },
        "password" : {
          "type" : "string"
        },
        "usertype" : {
          "type" : "string"
        },
        "gender" : {
          "type" : "string"
        },
        "longitude" : {
          "type" : "string"
        },
        "latitude" : {
          "type" : "string"
        }
      }
    },
    "Users" : {
      "type" : "object",
      "properties" : {
        "User" : {
          "type" : "array",
          "items" : {
            "$ref" : "#/definitions/User",
            "uniqueItems" : false
          }
        }
      }
    },
    "Update_User" : {
      "type" : "object",
      "required" : [ "username" ],
      "properties" : {
        "username" : {
          "type" : "string"
        },
        "longitude" : {
          "type" : "string"
        },
        "latitude" : {
          "type" : "string"
        }
      }
    }
  }
}