{
  "swagger" : "2.0",
  "info" : {
    "version" : "1.0",
    "title" : "Get all orders",
    "description" : "Get all orders"
  },
  "host" : "localhost:8081",
  "basePath" : "/",
  "schemes" : [ "http" ],
  "paths" : {
    "/orders" : {
      "get" : {
        "summary" : "",
        "description" : "",
        "operationId" : "get-orders",
        "consumes" : [ "application/json" ],
        "produces" : [ "application/json" ],
        "parameters" : [ ],
        "responses" : {
          "200" : {
            "description" : "a Orders to be returned",
            "schema" : {
              "$ref" : "#/definitions/Orders"
            }
          }
        }
      }
    },
    "/orders2/{order_id}" : {
      "get" : {
        "summary" : "",
        "description" : "",
        "operationId" : "get-orders2",
        "consumes" : [ "application/json" ],
        "produces" : [ "application/json" ],
        "parameters" : [ {
          "name" : "order_id",
          "in" : "path",
          "description" : "",
          "type" : "string",
          "required" : true
        } ],
        "responses" : {
          "200" : {
            "description" : "a Orders to be returned",
            "schema" : {
              "$ref" : "#/definitions/Orders"
            }
          }
        }
      }
    },
    "/orders1" : {
      "post" : {
        "summary" : "",
        "description" : "",
        "operationId" : "post-orders1",
        "consumes" : [ "application/json" ],
        "produces" : [ "application/json" ],
        "parameters" : [ {
          "name" : "body",
          "in" : "body",
          "description" : "",
          "schema" : {
            "$ref" : "#/definitions/Add_Order"
          },
          "required" : true
        } ],
        "responses" : {
          "201" : {
            "description" : "Created",
            "schema" : {
              "type" : "string"
            }
          },
          "200" : {
            "description" : "OK"
          }
        }
      }
    },
    "/orders2" : {
      "post" : {
        "summary" : "",
        "description" : "",
        "operationId" : "post-orders2",
        "consumes" : [ "application/json" ],
        "produces" : [ "application/json" ],
        "parameters" : [ {
          "name" : "body",
          "in" : "body",
          "description" : "",
          "schema" : {
            "$ref" : "#/definitions/Update_Order"
          },
          "required" : true
        } ],
        "responses" : {
          "201" : {
            "description" : "Done",
            "schema" : {
              "type" : "string"
            }
          },
          "200" : {
            "description" : "OK"
          }
        }
      }
    }
  },
  "definitions" : {
    "Order" : {
      "type" : "object",
      "required" : [ "driver_id", "quantity", "restaurant_id", "customer_id", "food_id", "order_id", "status" ],
      "properties" : {
        "order_id" : {
          "type" : "integer"
        },
        "customer_id" : {
          "type" : "string"
        },
        "food_id" : {
          "type" : "integer"
        },
        "restaurant_id" : {
          "type" : "integer"
        },
        "driver_id" : {
          "type" : "string"
        },
        "status" : {
          "type" : "integer"
        },
        "quantity" : {
          "type" : "integer"
        }
      }
    },
    "Orders" : {
      "type" : "object",
      "properties" : {
        "Order" : {
          "type" : "array",
          "items" : {
            "$ref" : "#/definitions/Order",
            "uniqueItems" : false
          }
        }
      }
    },
    "Update_Order" : {
      "type" : "object",
      "required" : [ "order_id", "status" ],
      "properties" : {
        "order_id" : {
          "type" : "integer"
        },
        "status" : {
          "type" : "integer"
        }
      }
    },
    "Add_Order" : {
      "type" : "object",
      "required" : [ "driver_id", "quantity", "restaurant_id", "customer_id", "food_id", "order_id", "status" ],
      "properties" : {
        "order_id" : {
          "type" : "integer"
        },
        "customer_id" : {
          "type" : "string"
        },
        "food_id" : {
          "type" : "integer"
        },
        "restaurant_id" : {
          "type" : "integer"
        },
        "driver_id" : {
          "type" : "string"
        },
        "status" : {
          "type" : "integer"
        },
        "quantity" : {
          "type" : "integer"
        }
      }
    }
  }
}